CUSTOMER_IDENTIFIER,SOURCE_SYSTEM_KEY,CUSTOMER_CLASS_NAME,CUSTOMER_STATUS_NAME,COUNTRY_NAME
553605885,10001001,BUSINESS,MV,UNITED KINGDOM
553605886,10001001,BUSINESS,MV,UNITED KINGDOM
553605887,10001001,BUSINESS,MV,UNITED KINGDOM
553605888,10001001,BUSINESS,MV,UNITED KINGDOM
553605889,10001001,BUSINESS,MV,UNITED KINGDOM
553605890,10001001,BUSINESS,MV,UNITED KINGDOM
553605891,10001001,BUSINESS,MV,UNITED KINGDOM
553605892,10001001,BUSINESS,MV,UNITED KINGDOM
553605893,10001001,BUSINESS,MV,UNITED KINGDOM
553605894,10001001,BUSINESS,MV,UNITED KINGDOM
553605895,10001001,BUSINESS,MV,UNITED KINGDOM
553605896,10001001,BUSINESS,MV,UNITED KINGDOM
553605897,10001001,BUSINESS,MV,UNITED KINGDOM
553605898,10001001,BUSINESS,MV,UNITED KINGDOM
553605899,10001001,BUSINESS,MV,UNITED KINGDOM
553605900,10001001,BUSINESS,MV,UNITED KINGDOM
553605901,10001001,BUSINESS,MV,UNITED KINGDOM
553605902,10001001,BUSINESS,MV,UNITED KINGDOM
553605903,10001001,BUSINESS,MV,UNITED KINGDOM
553605904,10001001,BUSINESS,MV,UNITED KINGDOM
553605905,10001001,BUSINESS,MV,UNITED KINGDOM
553605906,10001001,BUSINESS,MV,UNITED KINGDOM
553605907,10001001,BUSINESS,MV,UNITED KINGDOM
553605908,10001001,BUSINESS,MV,UNITED KINGDOM
553605909,10001001,BUSINESS,MV,UNITED KINGDOM
553605910,10001001,BUSINESS,MV,UNITED KINGDOM
553605911,10001001,BUSINESS,MV,UNITED KINGDOM
553605912,10001001,BUSINESS,MV,UNITED KINGDOM
553605913,10001001,BUSINESS,MV,NEW ZEALAND
553605914,10001001,BUSINESS,MV,UNITED KINGDOM
553605915,10001001,BUSINESS,MV,UNITED KINGDOM
553605916,10001001,BUSINESS,MV,NEW ZEALAND
553605917,10001001,BUSINESS,MV,UNITED KINGDOM
553605918,10001001,BUSINESS,MV,UNITED KINGDOM
553605919,10001001,BUSINESS,MV,UNITED KINGDOM
553605920,10001001,BUSINESS,MV,UNITED KINGDOM
553605921,10001001,BUSINESS,MV,UNITED KINGDOM
553605922,10001001,BUSINESS,MV,UNITED KINGDOM
553605923,10001001,BUSINESS,MV,UNITED KINGDOM
553605924,10001001,BUSINESS,MV,UNITED KINGDOM
553605925,10001001,BUSINESS,MV,UNITED KINGDOM
553605926,10001001,BUSINESS,MV,UNITED KINGDOM
553605927,10001001,BUSINESS,MV,UNITED KINGDOM
553605928,10001001,BUSINESS,MV,UNITED KINGDOM
553605929,10001001,BUSINESS,MV,UNITED KINGDOM
553605930,10001001,BUSINESS,MV,UNITED KINGDOM
553605931,10001001,BUSINESS,MV,UNITED KINGDOM
553605932,10001001,BUSINESS,MV,UNITED KINGDOM
553605933,10001001,BUSINESS,MV,UNITED KINGDOM
553605934,10001001,BUSINESS,RE,UNITED KINGDOM
553605935,10001001,BUSINESS,MV,UNITED KINGDOM
553605936,10001001,BUSINESS,MV,UNITED KINGDOM
553605937,10001001,BUSINESS,MV,UNITED KINGDOM
553605938,10001001,BUSINESS,MV,UNITED KINGDOM
553605939,10001001,BUSINESS,MV,UNITED KINGDOM
553605940,10001001,BUSINESS,MV,UNITED KINGDOM
553605941,10001001,BUSINESS,MV,UNITED KINGDOM
553605942,10001001,BUSINESS,MV,UNITED KINGDOM
553605943,10001001,BUSINESS,MV,UNITED KINGDOM
553605944,10001001,BUSINESS,MV,UNITED KINGDOM
553605945,10001001,BUSINESS,MV,UNITED KINGDOM
553605946,10001001,BUSINESS,MV,UNITED KINGDOM
553605947,10001001,BUSINESS,MV,UNITED KINGDOM
553605948,10001001,BUSINESS,MV,UNITED KINGDOM
553605949,10001001,BUSINESS,MV,UNITED KINGDOM
553605950,10001001,BUSINESS,MV,UNITED KINGDOM
553605951,10001001,BUSINESS,MV,UNITED KINGDOM
553605952,10001001,BUSINESS,MV,UNITED KINGDOM
553605953,10001001,BUSINESS,MV,UNITED KINGDOM
553605954,10001001,BUSINESS,MV,UNITED KINGDOM
553605955,10001001,BUSINESS,MV,UNITED KINGDOM
553605956,10001001,BUSINESS,MV,UNITED KINGDOM
553605957,10001001,BUSINESS,MV,UNITED KINGDOM
553605958,10001001,BUSINESS,MV,UNITED KINGDOM
553605959,10001001,BUSINESS,MV,UNITED KINGDOM
553605960,10001001,BUSINESS,MV,UNITED KINGDOM
553605961,10001001,BUSINESS,MV,UNITED KINGDOM
553605962,10001001,BUSINESS,MV,UNITED KINGDOM
553605963,10001001,BUSINESS,MV,UNITED KINGDOM
553605964,10001001,BUSINESS,MV,UNITED KINGDOM
553605965,10001001,BUSINESS,MV,UNITED KINGDOM
553605966,10001001,BUSINESS,MV,UNITED KINGDOM
553605967,10001001,BUSINESS,MV,UNITED KINGDOM
553605968,10001001,BUSINESS,MV,UNITED KINGDOM
553605969,10001001,BUSINESS,MV,UNITED KINGDOM
553605970,10001001,BUSINESS,MV,UNITED KINGDOM
553605971,10001001,BUSINESS,MV,UNITED KINGDOM
553605972,10001001,BUSINESS,MV,UNITED KINGDOM
553605973,10001001,BUSINESS,MV,UNITED KINGDOM
553605974,10001001,BUSINESS,MV,UNITED KINGDOM
553605975,10001001,BUSINESS,MV,UNITED KINGDOM
553605976,10001001,BUSINESS,MV,UNITED KINGDOM
553605977,10001001,BUSINESS,MV,UNITED KINGDOM
553605978,10001001,BUSINESS,MV,UNITED KINGDOM
553605979,10001001,BUSINESS,MV,UNITED KINGDOM
553605980,10001001,BUSINESS,MV,UNITED KINGDOM
553605981,10001001,BUSINESS,MV,UNITED KINGDOM
553605982,10001001,BUSINESS,MV,UNITED KINGDOM
553605983,10001001,BUSINESS,MV,UNITED KINGDOM
553605984,10001001,BUSINESS,MV,UNITED KINGDOM
553605985,10001001,BUSINESS,MV,UNITED KINGDOM
553605986,10001001,BUSINESS,MV,UNITED KINGDOM
553605987,10001001,BUSINESS,MV,UNITED KINGDOM
553605988,10001001,BUSINESS,MV,UNITED KINGDOM
553605989,10001001,BUSINESS,MV,UNITED KINGDOM
553605990,10001001,BUSINESS,MV,UNITED KINGDOM
553605991,10001001,BUSINESS,MV,UNITED KINGDOM
553605992,10001001,BUSINESS,MV,UNITED KINGDOM
553605993,10001001,BUSINESS,MV,UNITED KINGDOM
553605994,10001001,BUSINESS,MV,UNITED KINGDOM
553605995,10001001,BUSINESS,MV,UNITED KINGDOM
553605996,10001001,BUSINESS,MV,UNITED KINGDOM
553605997,10001001,BUSINESS,MV,UNITED KINGDOM
553605998,10001001,BUSINESS,MV,UNITED KINGDOM
553605999,10001001,BUSINESS,MV,UNITED KINGDOM
553606000,10001001,BUSINESS,MV,UNITED KINGDOM
553606001,10001001,BUSINESS,MV,UNITED KINGDOM
553606002,10001001,BUSINESS,MV,UNITED KINGDOM
553606003,10001001,BUSINESS,MV,UNITED KINGDOM
553606004,10001001,BUSINESS,MV,UNITED KINGDOM
553606005,10001001,BUSINESS,MV,UNITED KINGDOM
553606006,10001001,BUSINESS,MV,UNITED KINGDOM
553606007,10001001,BUSINESS,MV,UNITED KINGDOM
553606008,10001001,BUSINESS,MV,UNITED KINGDOM
553606009,10001001,BUSINESS,MV,UNITED KINGDOM
553606010,10001001,BUSINESS,MV,UNITED KINGDOM
553606011,10001001,BUSINESS,MV,UNITED KINGDOM
553606012,10001001,BUSINESS,MV,UNITED KINGDOM
553606013,10001001,BUSINESS,MV,UNITED KINGDOM
553606014,10001001,BUSINESS,MV,UNITED KINGDOM
553606015,10001001,BUSINESS,MV,UNITED KINGDOM
553606016,10001001,BUSINESS,MV,UNITED KINGDOM
553606017,10001001,BUSINESS,MV,UNITED KINGDOM
553606018,10001001,BUSINESS,MV,UNITED KINGDOM
553606019,10001001,BUSINESS,MV,UNITED KINGDOM
553606020,10001001,BUSINESS,MV,UNITED KINGDOM
553606021,10001001,BUSINESS,MV,UNITED KINGDOM
553606022,10001001,BUSINESS,MV,UNITED KINGDOM
553606023,10001001,BUSINESS,MV,UNITED KINGDOM
553606024,10001001,BUSINESS,MV,UNITED KINGDOM
553606025,10001001,BUSINESS,MV,UNITED KINGDOM
553606026,10001001,BUSINESS,MV,UNITED KINGDOM
553606027,10001001,BUSINESS,MV,UNITED KINGDOM
553606028,10001001,BUSINESS,MV,UNITED KINGDOM
553606029,10001001,BUSINESS,MV,UNITED KINGDOM
553606030,10001001,BUSINESS,MV,UNITED KINGDOM
553606031,10001001,BUSINESS,MV,UNITED KINGDOM
553606032,10001001,BUSINESS,MV,UNITED KINGDOM
553606033,10001001,BUSINESS,MV,UNITED KINGDOM
553606034,10001001,BUSINESS,MV,UNITED KINGDOM
553606035,10001001,BUSINESS,MV,UNITED KINGDOM
553606036,10001001,BUSINESS,MV,UNITED KINGDOM
553606037,10001001,BUSINESS,MV,UNITED KINGDOM
553606038,10001001,BUSINESS,MV,UNITED KINGDOM
553606039,10001001,BUSINESS,MV,UNITED KINGDOM
553606040,10001001,BUSINESS,MV,UNITED KINGDOM
553606041,10001001,BUSINESS,MV,UNITED KINGDOM
553606042,10001001,BUSINESS,MV,UNITED KINGDOM
553606043,10001001,BUSINESS,MV,UNITED KINGDOM
553606044,10001001,BUSINESS,MV,UNITED KINGDOM
553606045,10001001,BUSINESS,MV,UNITED KINGDOM
553606046,10001001,BUSINESS,MV,UNITED KINGDOM
553606047,10001001,BUSINESS,MV,UNITED KINGDOM
553606048,10001001,BUSINESS,MV,UNITED KINGDOM
553606049,10001001,BUSINESS,MV,UNITED KINGDOM
553606050,10001001,BUSINESS,MV,AUSTRALIA
553606051,10001001,BUSINESS,MV,UNITED KINGDOM
553606052,10001001,BUSINESS,MV,UNITED KINGDOM
553606053,10001001,BUSINESS,MV,UNITED KINGDOM
553606054,10001001,BUSINESS,MV,UNITED KINGDOM
553606055,10001001,BUSINESS,PE,UNITED KINGDOM
553606056,10001001,BUSINESS,MV,UNITED KINGDOM
553606057,10001001,PERSONAL,MV,UNITED KINGDOM
553606058,10001001,BUSINESS,MV,UNITED KINGDOM
553606059,10001001,BUSINESS,MV,UNITED KINGDOM
553606060,10001001,BUSINESS,MV,UNITED KINGDOM
553606061,10001001,BUSINESS,MV,UNITED KINGDOM
553606062,10001001,BUSINESS,MV,UNITED KINGDOM
553606063,10001001,BUSINESS,MV,UNITED KINGDOM
553606064,10001001,BUSINESS,MV,UNITED KINGDOM
553606065,10001001,BUSINESS,MV,UNITED KINGDOM
553606066,10001001,BUSINESS,MV,UNITED KINGDOM
553606067,10001001,BUSINESS,MV,UNITED KINGDOM
553606068,10001001,BUSINESS,MV,UNITED KINGDOM
553606069,10001001,BUSINESS,MR,UNITED KINGDOM
553606070,10001001,BUSINESS,MV,UNITED KINGDOM
553606071,10001001,BUSINESS,MV,UNITED KINGDOM
553606072,10001001,BUSINESS,RE,UNITED KINGDOM
553606073,10001001,BUSINESS,MV,UNITED KINGDOM
553606074,10001001,BUSINESS,MV,UNITED KINGDOM
553606075,10001001,BUSINESS,MV,UNITED KINGDOM
553606076,10001001,BUSINESS,MV,UNITED KINGDOM
553606077,10001001,BUSINESS,MV,UNITED KINGDOM
553606078,10001001,BUSINESS,MV,UNITED KINGDOM
553606079,10001001,BUSINESS,MV,UNITED KINGDOM
553606080,10001001,BUSINESS,MV,UNITED KINGDOM
553606081,10001001,BUSINESS,MV,UNITED KINGDOM
553606082,10001001,BUSINESS,MV,UNITED KINGDOM
553606083,10001001,BUSINESS,MV,UNITED KINGDOM
553606084,10001001,BUSINESS,MV,UNITED KINGDOM
